<?xml version="1.0" encoding="UTF-8"?>
<Data>
  <Team>
    <Name>McLaren</Name>
    <Engine>Mercedes-AMG M14</Engine>
    <ConstructorPoints>80</ConstructorPoints>
    <Driver>
      <Name>Lando Norris</Name>
      <CarNumber>4</CarNumber>
      <Nationality>British</Nationality>
      <CarModel>MCL39</CarModel>
      <Points>46</Points>
      <Wins>1</Wins>
      <Podiums>2</Podiums>
      <PolePositions>0</PolePositions>
      <FastestLaps>2</FastestLaps>
    </Driver>
    <Driver>
      <Name>Oscar Piastri</Name>
      <CarNumber>81</CarNumber>
      <Nationality>Australian</Nationality>
      <CarModel>MCL39</CarModel>
      <Points>34</Points>
      <Wins>1</Wins>
      <Podiums>1</Podiums>
      <PolePositions>0</PolePositions>
      <FastestLaps>0</FastestLaps>
    </Driver>
  </Team>
  <Team>
    <Name>Ferrari</Name>
    <Engine>Ferrari 066/10</Engine>
    <ConstructorPoints>17</ConstructorPoints>
    <Driver>
      <Name>Charles Leclerc</Name>
      <CarNumber>16</CarNumber>
      <Nationality>Monegasque</Nationality>
      <CarModel>SF-25</CarModel>
      <Points>8</Points>
      <Wins>0</Wins>
      <Podiums>0</Podiums>
      <PolePositions>0</PolePositions>
      <FastestLaps>0</FastestLaps>
    </Driver>
    <Driver>
      <Name>Lewis Hamilton</Name>
      <CarNumber>44</CarNumber>
      <Nationality>British</Nationality>
      <CarModel>SF-25</CarModel>
      <Points>9</Points>
      <Wins>0</Wins>
      <Podiums>0</Podiums>
      <PolePositions>0</PolePositions>
      <FastestLaps>0</FastestLaps>
    </Driver>
  </Team>
  <Team>
    <Name>Red Bull</Name>
    <Engine>Honda RBPTH001</Engine>
    <ConstructorPoints>39</ConstructorPoints>
    <Driver>
      <Name>Max Verstappen</Name>
      <CarNumber>1</CarNumber>
      <Nationality>Dutch</Nationality>
      <CarModel>RB21</CarModel>
      <Points>36</Points>
      <Wins>0</Wins>
      <Podiums>1</Podiums>
      <PolePositions>0</PolePositions>
      <FastestLaps>0</FastestLaps>
    </Driver>
    <Driver>
      <Name>Yuki Tsunoda</Name>
      <CarNumber>22</CarNumber>
      <Nationality>Japanese</Nationality>
      <CarModel>RB21</CarModel>
      <Points>3</Points>
      <Wins>0</Wins>
      <Podiums>0</Podiums>
      <PolePositions>0</PolePositions>
      <FastestLaps>0</FastestLaps>
    </Driver>
  </Team>
  <Team>
    <Name>Mercedes</Name>
    <Engine>Mercedes-AMG M14</Engine>
    <ConstructorPoints>57</ConstructorPoints>
    <Driver>
      <Name>George Russell</Name>
      <CarNumber>63</CarNumber>
      <Nationality>British</Nationality>
      <CarModel>W15</CarModel>
      <Points>35</Points>
      <Wins>0</Wins>
      <Podiums>2</Podiums>
      <PolePositions>0</PolePositions>
      <FastestLaps>0</FastestLaps>
    </Driver>
    <Driver>
      <Name>Andrea Kimi Antonelli</Name>
      <CarNumber>40</CarNumber>
      <Nationality>Italian</Nationality>
      <CarModel>W15</CarModel>
      <Points>22</Points>
      <Wins>0</Wins>
      <Podiums>0</Podiums>
      <PolePositions>0</PolePositions>
      <FastestLaps>0</FastestLaps>
    </Driver>
  </Team>
  <Team>
    <Name>Aston Martin</Name>
    <Engine>Mercedes-AMG M14</Engine>
    <ConstructorPoints>10</ConstructorPoints>
    <Driver>
      <Name>Fernando Alonso</Name>
      <CarNumber>14</CarNumber>
      <Nationality>Spanish</Nationality>
      <CarModel>AMR25</CarModel>
      <Points>0</Points>
      <Wins>0</Wins>
      <Podiums>0</Podiums>
      <PolePositions>0</PolePositions>
      <FastestLaps>0</FastestLaps>
    </Driver>
    <Driver>
      <Name>Lance Stroll</Name>
      <CarNumber>18</CarNumber>
      <Nationality>Canadian</Nationality>
      <CarModel>AMR25</CarModel>
      <Points>10</Points>
      <Wins>0</Wins>
      <Podiums>0</Podiums>
      <PolePositions>0</PolePositions>
      <FastestLaps>0</FastestLaps>
    </Driver>
  </Team>
  <Team>
    <Name>Alpine</Name>
    <Engine>Renault E-Tech RE23</Engine>
    <ConstructorPoints>0</ConstructorPoints>
    <Driver>
      <Name>Pierre Gasly</Name>
      <CarNumber>10</CarNumber>
      <Nationality>French</Nationality>
      <CarModel>A525</CarModel>
      <Points>0</Points>
      <Wins>0</Wins>
      <Podiums>0</Podiums>
      <PolePositions>0</PolePositions>
      <FastestLaps>0</FastestLaps>
    </Driver>
    <Driver>
      <Name>Jack Doohan</Name>
      <CarNumber>45</CarNumber>
      <Nationality>Australian</Nationality>
      <CarModel>A525</CarModel>
      <Points>0</Points>
      <Wins>0</Wins>
      <Podiums>0</Podiums>
      <PolePositions>0</PolePositions>
      <FastestLaps>0</FastestLaps>
    </Driver>
  </Team>
  <Team>
    <Name>Haas</Name>
    <Engine>Ferrari 066/10</Engine>
    <ConstructorPoints>14</ConstructorPoints>
    <Driver>
      <Name>Esteban Ocon</Name>
      <CarNumber>31</CarNumber>
      <Nationality>French</Nationality>
      <CarModel>VF-25</CarModel>
      <Points>10</Points>
      <Wins>0</Wins>
      <Podiums>0</Podiums>
      <PolePositions>0</PolePositions>
      <FastestLaps>0</FastestLaps>
    </Driver>
    <Driver>
      <Name>Oliver Bearman</Name>
      <CarNumber>50</CarNumber>
      <Nationality>British</Nationality>
      <CarModel>VF-25</CarModel>
      <Points>4</Points>
      <Wins>0</Wins>
      <Podiums>0</Podiums>
      <PolePositions>0</PolePositions>
      <FastestLaps>0</FastestLaps>
    </Driver>
  </Team>
  <Team>
    <Name>Williams</Name>
    <Engine>Mercedes-AMG M14</Engine>
    <ConstructorPoints>17</ConstructorPoints>
    <Driver>
      <Name>Alex Albon</Name>
      <CarNumber>23</CarNumber>
      <Nationality>Thai</Nationality>
      <CarModel>FW46</CarModel>
      <Points>16</Points>
      <Wins>0</Wins>
      <Podiums>0</Podiums>
      <PolePositions>0</PolePositions>
      <FastestLaps>0</FastestLaps>
    </Driver>
    <Driver>
      <Name>Carlos Sainz</Name>
      <CarNumber>55</CarNumber>
      <Nationality>Spanish</Nationality>
      <CarModel>FW46</CarModel>
      <Points>1</Points>
      <Wins>0</Wins>
      <Podiums>0</Podiums>
      <PolePositions>0</PolePositions>
      <FastestLaps>0</FastestLaps>
    </Driver>
  </Team>
  <Team>
    <Name>Sauber</Name>
    <Engine>Ferrari 066/10</Engine>
    <ConstructorPoints>6</ConstructorPoints>
    <Driver>
      <Name>Nico Hülkenberg</Name>
      <CarNumber>27</CarNumber>
      <Nationality>German</Nationality>
      <CarModel>C44</CarModel>
      <Points>6</Points>
      <Wins>0</Wins>
      <Podiums>0</Podiums>
      <PolePositions>0</PolePositions>
      <FastestLaps>0</FastestLaps>
    </Driver>
    <Driver>
      <Name>Gabriel Bortoleto</Name>
      <CarNumber>42</CarNumber>
      <Nationality>Brazilian</Nationality>
      <CarModel>C44</CarModel>
      <Points>0</Points>
      <Wins>0</Wins>
      <Podiums>0</Podiums>
      <PolePositions>0</PolePositions>
      <FastestLaps>0</FastestLaps>
    </Driver>
  </Team>
  <Team>
    <Name>RB</Name>
    <Engine>Honda RBPTH001</Engine>
    <ConstructorPoints>0</ConstructorPoints>
    <Driver>
      <Name>Liam Lawson</Name>
      <CarNumber>40</CarNumber>
      <Nationality>New Zealander</Nationality>
      <CarModel>VCARB 01</CarModel>
      <Points>0</Points>
      <Wins>0</Wins>
      <Podiums>0</Podiums>
      <PolePositions>0</PolePositions>
      <FastestLaps>0</FastestLaps>
    </Driver>
    <Driver>
      <Name>Isack Hadjar</Name>
      <CarNumber>50</CarNumber>
      <Nationality>French</Nationality>
      <CarModel>VCARB 01</CarModel>
      <Points>0</Points>
      <Wins>0</Wins>
      <Podiums>0</Podiums>
      <PolePositions>0</PolePositions>
      <FastestLaps>0</FastestLaps>
    </Driver>
  </Team>
  <Race>
    <Date>2025-03-16</Date>
    <Circuit>Albert Park</Circuit>
    <Country>Australia</Country>
    <Sprint>0</Sprint>
    <Completed>1</Completed>
    <GPDriverPoints>1,9,8,10,2,12,3,4,17,6,11,19,13,14,5,18,7,16,15,20</GPDriverPoints>
    <Weather>Rainy</Weather>
    <Laps>58</Laps>
    <LapLengthKm>5.278</LapLengthKm>
  </Race>
  <Race>
    <Date>2025-03-23</Date>
    <Circuit>Shanghai International</Circuit>
    <Country>China</Country>
    <Sprint>1</Sprint>
    <Completed>1</Completed>
    <SprintDriverPoints>8,2,5,1,3,6,4,7,10,9,12,20,16,15,11,17,19,18,14,13</SprintDriverPoints>
    <GPDriverPoints>2,1,17,18,4,16,3,6,20,9,19,13,5,8,7,10,15,14,12,11</GPDriverPoints>
    <Weather>Cloudy</Weather>
    <Laps>56</Laps>
    <LapLengthKm>5.451</LapLengthKm>
  </Race>
  <Race>
    <Date>2025-04-06</Date>
    <Circuit>Suzuka</Circuit>
    <Country>Japan</Country>
    <Sprint>0</Sprint>
    <Completed>0</Completed>
    <GPDriverPoints>0,0,0,0,0,0,0,0,0,0,0,0,0,0,0,0,0,0,0,0</GPDriverPoints>
    <Weather>Clear</Weather>
    <Laps>53</Laps>
    <LapLengthKm>5.807</LapLengthKm>
  </Race>
  <Race>
    <Date>2025-04-13</Date>
    <Circuit>Bahrain International</Circuit>
    <Country>Bahrain</Country>
    <Sprint>0</Sprint>
    <Completed>0</Completed>
    <GPDriverPoints>0,0,0,0,0,0,0,0,0,0,0,0,0,0,0,0,0,0,0,0</GPDriverPoints>
    <Weather>Clear</Weather>
    <Laps>57</Laps>
    <LapLengthKm>5.412</LapLengthKm>
  </Race>
  <Race>
    <Date>2025-04-20</Date>
    <Circuit>Jeddah Corniche</Circuit>
    <Country>Saudi Arabia</Country>
    <Sprint>0</Sprint>
    <Completed>0</Completed>
    <GPDriverPoints>0,0,0,0,0,0,0,0,0,0,0,0,0,0,0,0,0,0,0,0</GPDriverPoints>
    <Weather>Clear</Weather>
    <Laps>50</Laps>
    <LapLengthKm>6.175</LapLengthKm>
  </Race>
  <Race>
    <Date>2025-05-04</Date>
    <Circuit>Miami</Circuit>
    <Country>USA</Country>
    <Sprint>1</Sprint>
    <Completed>0</Completed>
    <SprintDriverPoints>0,0,0,0,0,0,0,0,0,0,0,0,0,0,0,0,0,0,0,0</SprintDriverPoints>
    <GPDriverPoints>0,0,0,0,0,0,0,0,0,0,0,0,0,0,0,0,0,0,0,0</GPDriverPoints>
    <Weather>Sunny</Weather>
    <Laps>57</Laps>
    <LapLengthKm>5.412</LapLengthKm>
  </Race>
  <Race>
    <Date>2025-05-18</Date>
    <Circuit>Imola</Circuit>
    <Country>Italy</Country>
    <Sprint>0</Sprint>
    <Completed>0</Completed>
    <GPDriverPoints>0,0,0,0,0,0,0,0,0,0,0,0,0,0,0,0,0,0,0,0</GPDriverPoints>
    <Weather>Cloudy</Weather>
    <Laps>63</Laps>
    <LapLengthKm>4.909</LapLengthKm>
  </Race>
  <Race>
    <Date>2025-05-25</Date>
    <Circuit>Monaco</Circuit>
    <Country>Monaco</Country>
    <Sprint>0</Sprint>
    <Completed>0</Completed>
    <GPDriverPoints>0,0,0,0,0,0,0,0,0,0,0,0,0,0,0,0,0,0,0,0</GPDriverPoints>
    <Weather>Sunny</Weather>
    <Laps>78</Laps>
    <LapLengthKm>3.337</LapLengthKm>
  </Race>
  <Race>
    <Date>2025-06-01</Date>
    <Circuit>Barcelona</Circuit>
    <Country>Spain</Country>
    <Sprint>0</Sprint>
    <Completed>0</Completed>
    <GPDriverPoints>0,0,0,0,0,0,0,0,0,0,0,0,0,0,0,0,0,0,0,0</GPDriverPoints>
    <Weather>Sunny</Weather>
    <Laps>66</Laps>
    <LapLengthKm>4.675</LapLengthKm>
  </Race>
  <Race>
    <Date>2025-06-15</Date>
    <Circuit>Montreal</Circuit>
    <Country>Canada</Country>
    <Sprint>1</Sprint>
    <Completed>0</Completed>
    <SprintDriverPoints>0,0,0,0,0,0,0,0,0,0,0,0,0,0,0,0,0,0,0,0</SprintDriverPoints>
    <GPDriverPoints>0,0,0,0,0,0,0,0,0,0,0,0,0,0,0,0,0,0,0,0</GPDriverPoints>
    <Weather>Rainy</Weather>
    <Laps>70</Laps>
    <LapLengthKm>4.361</LapLengthKm>
  </Race>
  <Race>
    <Date>2025-06-29</Date>
    <Circuit>Red Bull Ring</Circuit>
    <Country>Austria</Country>
    <Sprint>1</Sprint>
    <Completed>0</Completed>
    <SprintDriverPoints>0,0,0,0,0,0,0,0,0,0,0,0,0,0,0,0,0,0,0,0</SprintDriverPoints>
    <GPDriverPoints>0,0,0,0,0,0,0,0,0,0,0,0,0,0,0,0,0,0,0,0</GPDriverPoints>
    <Weather>Clear</Weather>
    <Laps>71</Laps>
    <LapLengthKm>4.318</LapLengthKm>
  </Race>
  <Race>
    <Date>2025-07-06</Date>
    <Circuit>Silverstone</Circuit>
    <Country>UK</Country>
    <Sprint>0</Sprint>
    <Completed>0</Completed>
    <GPDriverPoints>0,0,0,0,0,0,0,0,0,0,0,0,0,0,0,0,0,0,0,0</GPDriverPoints>
    <Weather>Cloudy</Weather>
    <Laps>52</Laps>
    <LapLengthKm>5.891</LapLengthKm>
  </Race>
  <Race>
    <Date>2025-07-27</Date>
    <Circuit>Spa-Francorchamps</Circuit>
    <Country>Belgium</Country>
    <Sprint>0</Sprint>
    <Completed>0</Completed>
    <GPDriverPoints>0,0,0,0,0,0,0,0,0,0,0,0,0,0,0,0,0,0,0,0</GPDriverPoints>
    <Weather>Rainy</Weather>
    <Laps>44</Laps>
    <LapLengthKm>7.004</LapLengthKm>
  </Race>
  <Race>
    <Date>2025-08-03</Date>
    <Circuit>Hungaroring</Circuit>
    <Country>Hungary</Country>
    <Sprint>0</Sprint>
    <Completed>0</Completed>
    <GPDriverPoints>0,0,0,0,0,0,0,0,0,0,0,0,0,0,0,0,0,0,0,0</GPDriverPoints>
    <Weather>Sunny</Weather>
    <Laps>70</Laps>
    <LapLengthKm>4.381</LapLengthKm>
  </Race>
  <Race>
    <Date>2025-08-31</Date>
    <Circuit>Zandvoort</Circuit>
    <Country>Netherlands</Country>
    <Sprint>0</Sprint>
    <Completed>0</Completed>
    <GPDriverPoints>0,0,0,0,0,0,0,0,0,0,0,0,0,0,0,0,0,0,0,0</GPDriverPoints>
    <Weather>Cloudy</Weather>
    <Laps>72</Laps>
    <LapLengthKm>4.259</LapLengthKm>
  </Race>
  <Race>
    <Date>2025-09-07</Date>
    <Circuit>Monza</Circuit>
    <Country>Italy</Country>
    <Sprint>0</Sprint>
    <Completed>0</Completed>
    <GPDriverPoints>0,0,0,0,0,0,0,0,0,0,0,0,0,0,0,0,0,0,0,0</GPDriverPoints>
    <Weather>Clear</Weather>
    <Laps>53</Laps>
    <LapLengthKm>5.793</LapLengthKm>
  </Race>
  <Race>
    <Date>2025-09-21</Date>
    <Circuit>Baku City</Circuit>
    <Country>Azerbaijan</Country>
    <Sprint>1</Sprint>
    <Completed>0</Completed>
    <SprintDriverPoints>0,0,0,0,0,0,0,0,0,0,0,0,0,0,0,0,0,0,0,0</SprintDriverPoints>
    <GPDriverPoints>0,0,0,0,0,0,0,0,0,0,0,0,0,0,0,0,0,0,0,0</GPDriverPoints>
    <Weather>Sunny</Weather>
    <Laps>51</Laps>
    <LapLengthKm>6.003</LapLengthKm>
  </Race>
  <Race>
    <Date>2025-10-05</Date>
    <Circuit>Marina Bay</Circuit>
    <Country>Singapore</Country>
    <Sprint>0</Sprint>
    <Completed>0</Completed>
    <GPDriverPoints>0,0,0,0,0,0,0,0,0,0,0,0,0,0,0,0,0,0,0,0</GPDriverPoints>
    <Weather>Night</Weather>
    <Laps>61</Laps>
    <LapLengthKm>5.063</LapLengthKm>
  </Race>
  <Race>
    <Date>2025-10-19</Date>
    <Circuit>Circuit of the Americas</Circuit>
    <Country>USA</Country>
    <Sprint>1</Sprint>
    <Completed>0</Completed>
    <SprintDriverPoints>0,0,0,0,0,0,0,0,0,0,0,0,0,0,0,0,0,0,0,0</SprintDriverPoints>
    <GPDriverPoints>0,0,0,0,0,0,0,0,0,0,0,0,0,0,0,0,0,0,0,0</GPDriverPoints>
    <Weather>Sunny</Weather>
    <Laps>56</Laps>
    <LapLengthKm>5.513</LapLengthKm>
  </Race>
  <Race>
    <Date>2025-10-26</Date>
    <Circuit>Mexico City</Circuit>
    <Country>Mexico</Country>
    <Sprint>0</Sprint>
    <Completed>0</Completed>
    <GPDriverPoints>0,0,0,0,0,0,0,0,0,0,0,0,0,0,0,0,0,0,0,0</GPDriverPoints>
    <Weather>Clear</Weather>
    <Laps>71</Laps>
    <LapLengthKm>4.304</LapLengthKm>
  </Race>
  <Race>
    <Date>2025-11-09</Date>
    <Circuit>Interlagos</Circuit>
    <Country>Brazil</Country>
    <Sprint>1</Sprint>
    <Completed>0</Completed>
    <SprintDriverPoints>0,0,0,0,0,0,0,0,0,0,0,0,0,0,0,0,0,0,0,0</SprintDriverPoints>
    <GPDriverPoints>0,0,0,0,0,0,0,0,0,0,0,0,0,0,0,0,0,0,0,0</GPDriverPoints>
    <Weather>Rainy</Weather>
    <Laps>71</Laps>
    <LapLengthKm>4.309</LapLengthKm>
  </Race>
  <Race>
    <Date>2025-11-23</Date>
    <Circuit>Las Vegas</Circuit>
    <Country>USA</Country>
    <Sprint>0</Sprint>
    <Completed>0</Completed>
    <GPDriverPoints>0,0,0,0,0,0,0,0,0,0,0,0,0,0,0,0,0,0,0,0</GPDriverPoints>
    <Weather>Night</Weather>
    <Laps>50</Laps>
    <LapLengthKm>6.120</LapLengthKm>
  </Race>
  <Race>
    <Date>2025-11-30</Date>
    <Circuit>Losail</Circuit>
    <Country>Qatar</Country>
    <Sprint>1</Sprint>
    <Completed>0</Completed>
    <SprintDriverPoints>0,0,0,0,0,0,0,0,0,0,0,0,0,0,0,0,0,0,0,0</SprintDriverPoints>
    <GPDriverPoints>0,0,0,0,0,0,0,0,0,0,0,0,0,0,0,0,0,0,0,0</GPDriverPoints>
    <Weather>Clear</Weather>
    <Laps>57</Laps>
    <LapLengthKm>5.380</LapLengthKm>
  </Race>
  <Race>
    <Date>2025-12-07</Date>
    <Circuit>Yas Marina</Circuit>
    <Country>Abu Dhabi</Country>
    <Sprint>0</Sprint>
    <Completed>0</Completed>
    <GPDriverPoints>0,0,0,0,0,0,0,0,0,0,0,0,0,0,0,0,0,0,0,0</GPDriverPoints>
    <Weather>Night</Weather>
    <Laps>58</Laps>
    <LapLengthKm>5.281</LapLengthKm>
  </Race>
</Data>
